<application>
  <component name="AppStorage">
    <histories>
      <item value="simulate" />
      <item value="appearance" />
      <item value="responsive" />
      <item value="compression" />
      <item value="downlevel Iteration" />
      <item value="Threshold" />
      <item value="spacer" />
      <item value="expade" />
      <item value="unreachable" />
      <item value="preserve" />
      <item value="overlay Close" />
      <item value="persistent" />
      <item value="whitelist Patterns Children" />
      <item value="whitelist Patterns" />
      <item value="transaction" />
      <item value="mock" />
      <item value="concurrently" />
      <item value="elevation" />
    </histories>
    <option name="languageScores">
      <map>
        <entry key="CHINESE" value="17" />
        <entry key="ENGLISH" value="18" />
        <entry key="SWEDISH" value="1" />
      </map>
    </option>
  </component>
  <component name="Settings">
    <option name="ignoreRegExp" value="" />
  </component>
</application>